                  epoch,         train/box_loss,         train/cls_loss,         train/dfl_loss,   metrics/precision(B),      metrics/recall(B),       metrics/mAP50(B),    metrics/mAP50-95(B),           val/box_loss,           val/cls_loss,           val/dfl_loss,                 lr/pg0,                 lr/pg1,                 lr/pg2
                      1,                 1.5381,                 2.5503,                 1.2864,                0.25517,                 0.4747,                 0.2349,                0.13478,                 1.2978,                 6.4457,                 1.1118,                0.00012,                0.00012,                0.00012
                      2,                 1.2902,                 1.3816,                 1.1067,                0.35777,                0.55721,                0.35238,                0.21096,                 1.2795,                 4.3277,                 1.0534,             0.00020852,             0.00020852,             0.00020852
                      3,                 1.2624,                 1.2402,                 1.0997,                0.41812,                0.58086,                0.43676,                 0.2672,                 1.2776,                 2.9714,                 1.0891,              0.0002416,              0.0002416,              0.0002416
                      4,                 1.1906,                 1.0321,                 1.0454,                0.44098,                0.57101,                0.48497,                0.29637,                 1.2819,                 3.2393,                 1.0761,             0.00021924,             0.00021924,             0.00021924
                      5,                 1.1931,                0.95997,                 1.0412,                0.51379,                0.56271,                0.53219,                0.33287,                 1.2475,                 2.2711,                 1.0697,             0.00014144,             0.00014144,             0.00014144
